file_name;label;initial_label
Dataset002_DFGFinetuned_3d_fullres_full_ms/Subject325.nii.gz;0;1
Dataset002_DFGFinetuned_3d_fullres_full_ms/Subject382.nii.gz;0;1
Dataset002_DFGFinetuned_3d_fullres_full_ms/Subject438.nii.gz;0;1
Dataset002_DFGFinetuned_3d_fullres_full_ms/Subject358.nii.gz;0;1
Dataset002_DFGFinetuned_3d_fullres_full_ms/Subject130.nii.gz;0;1
Dataset002_DFGFinetuned_3d_fullres_full_ms/Subject033.nii.gz;0;1
Dataset002_DFGFinetuned_3d_fullres_full_ms/Subject378.nii.gz;0;1
Dataset002_DFGFinetuned_3d_fullres_full_ms/Subject510.nii.gz;0;1
Dataset002_DFGFinetuned_3d_fullres_full_ms/Subject401.nii.gz;0;1
Dataset002_DFGFinetuned_3d_fullres_full_ms/Subject229.nii.gz;0;1
Dataset002_DFGFinetuned_3d_fullres_full_ms/Subject049.nii.gz;0;1
Dataset002_DFGFinetuned_3d_fullres_full_ms/Subject123.nii.gz;0;1
Dataset002_DFGFinetuned_3d_fullres_full_ms/Subject363.nii.gz;0;1
Dataset002_DFGFinetuned_3d_fullres_full_ms/Subject410.nii.gz;0;1
Dataset002_DFGFinetuned_3d_fullres_full_ms/Subject374.nii.gz;0;1
Dataset002_DFGFinetuned_3d_fullres_full_ms/Subject414.nii.gz;0;1
Dataset002_DFGFinetuned_3d_fullres_full_ms/Subject519.nii.gz;0;1
Dataset002_DFGFinetuned_3d_fullres_full_ms/Subject097.nii.gz;0;1
Dataset002_DFGFinetuned_3d_fullres_full_ms/Subject156.nii.gz;0;1
Dataset002_DFGFinetuned_3d_fullres_full_ms/Subject373.nii.gz;0;1
Dataset002_DFGFinetuned_3d_fullres_full_ms/Subject553.nii.gz;0;1
Dataset002_DFGFinetuned_3d_fullres_full_ms/Subject360.nii.gz;0;1
Dataset002_DFGFinetuned_3d_fullres_full_ms/Subject388.nii.gz;0;1
Dataset002_DFGFinetuned_3d_fullres_full_ms/Subject595.nii.gz;0;1
Dataset002_DFGFinetuned_3d_fullres_full_ms/Subject197.nii.gz;0;1
Dataset002_DFGFinetuned_3d_fullres_full_ms/Subject591.nii.gz;0;1
Dataset002_DFGFinetuned_3d_fullres_full_ms/Subject331.nii.gz;0;1
Dataset002_DFGFinetuned_3d_fullres_full_ms/Subject173.nii.gz;0;1
Dataset002_DFGFinetuned_3d_fullres_full_ms/Subject050.nii.gz;0;1
Dataset002_DFGFinetuned_3d_fullres_full_ms/Subject370.nii.gz;0;1
Dataset002_DFGFinetuned_3d_fullres_full_ms/Subject177.nii.gz;0;1
Dataset002_DFGFinetuned_3d_fullres_full_ms/Subject557.nii.gz;0;1
Dataset002_DFGFinetuned_3d_fullres_full_ms/Subject206.nii.gz;0;1
Dataset002_DFGFinetuned_3d_fullres_full_ms/Subject559.nii.gz;0;1
Dataset002_DFGFinetuned_3d_fullres_full_ms/Subject098.nii.gz;0;1
Dataset002_DFGFinetuned_3d_fullres_full_ms/Subject151.nii.gz;0;1
Dataset002_DFGFinetuned_3d_fullres_full_ms/Subject308.nii.gz;0;1
Dataset002_DFGFinetuned_3d_fullres_full_ms/Subject189.nii.gz;0;1
Dataset002_DFGFinetuned_3d_fullres_full_ms/Subject620.nii.gz;0;1
Dataset002_DFGFinetuned_3d_fullres_full_ms/Subject616.nii.gz;0;1
Dataset002_DFGFinetuned_3d_fullres_full_ms/Subject560.nii.gz;0;1
Dataset002_DFGFinetuned_3d_fullres_full_ms/Subject391.nii.gz;0;1
Dataset002_DFGFinetuned_3d_fullres_full_ms/Subject013.nii.gz;0;1
Dataset002_DFGFinetuned_3d_fullres_full_ms/Subject150.nii.gz;0;1
Dataset002_DFGFinetuned_3d_fullres_full_ms/Subject459.nii.gz;0;1
Dataset002_DFGFinetuned_3d_fullres_full_ms/Subject261.nii.gz;0;1
Dataset002_DFGFinetuned_3d_fullres_full_ms/Subject056.nii.gz;0;1
Dataset002_DFGFinetuned_3d_fullres_full_ms/Subject249.nii.gz;0;1
Dataset002_DFGFinetuned_3d_fullres_full_ms/Subject386.nii.gz;0;1
Dataset002_DFGFinetuned_3d_fullres_full_ms/Subject226.nii.gz;0;1
Dataset002_DFGFinetuned_3d_fullres_full_ms/Subject198.nii.gz;0;1
Dataset002_DFGFinetuned_3d_fullres_full_ms/Subject100.nii.gz;0;1
Dataset002_DFGFinetuned_3d_fullres_full_ms/Subject394.nii.gz;0;1
Dataset002_DFGFinetuned_3d_fullres_full_ms/Subject565.nii.gz;0;1
Dataset002_DFGFinetuned_3d_fullres_full_ms/Subject034.nii.gz;0;1
Dataset002_DFGFinetuned_3d_fullres_full_ms/Subject006.nii.gz;0;1
Dataset002_DFGFinetuned_3d_fullres_full_ms/Subject564.nii.gz;0;1
Dataset002_DFGFinetuned_3d_fullres_full_ms/Subject518.nii.gz;0;1
Dataset002_DFGFinetuned_3d_fullres_full_new_hc/hc0007.nii.gz;1;0
Dataset002_DFGFinetuned_3d_fullres_full_new_hc/hc0044.nii.gz;1;0
Dataset002_DFGFinetuned_3d_fullres_full_new_hc/hc0045.nii.gz;1;0
Dataset002_DFGFinetuned_3d_fullres_full_new_hc/hc0051.nii.gz;1;0
Dataset002_DFGFinetuned_3d_fullres_full_new_hc/hc0052.nii.gz;1;0
Dataset002_DFGFinetuned_3d_fullres_full_new_hc/hc0033.nii.gz;1;0
Dataset002_DFGFinetuned_3d_fullres_full_new_hc/hc0015.nii.gz;1;0
Dataset002_DFGFinetuned_3d_fullres_full_new_hc/hc0029.nii.gz;1;0
Dataset002_DFGFinetuned_3d_fullres_full_new_hc/hc0016.nii.gz;1;0
Dataset002_DFGFinetuned_3d_fullres_full_new_hc/hc0041.nii.gz;1;0
Dataset002_DFGFinetuned_3d_fullres_full_new_hc/hc0024.nii.gz;1;0
Dataset002_DFGFinetuned_3d_fullres_full_new_hc/hc0020.nii.gz;1;0
Dataset002_DFGFinetuned_3d_fullres_full_new_hc/hc0004.nii.gz;1;0
Dataset002_DFGFinetuned_3d_fullres_full_new_hc/hc0056.nii.gz;1;0
Dataset002_DFGFinetuned_3d_fullres_full_new_hc/hc0026.nii.gz;1;0
Dataset002_DFGFinetuned_3d_fullres_full_new_hc/hc0054.nii.gz;1;0
Dataset002_DFGFinetuned_3d_fullres_full_new_hc/hc0021.nii.gz;1;0
Dataset002_DFGFinetuned_3d_fullres_full_new_hc/hc0053.nii.gz;1;0
Dataset002_DFGFinetuned_3d_fullres_full_new_hc/hc0013.nii.gz;1;0
Dataset002_DFGFinetuned_3d_fullres_full_new_hc/hc0018.nii.gz;1;0
Dataset002_DFGFinetuned_3d_fullres_full_new_hc/hc0008.nii.gz;1;0
Dataset002_DFGFinetuned_3d_fullres_full_new_hc/hc0022.nii.gz;1;0
Dataset002_DFGFinetuned_3d_fullres_full_new_hc/hc0019.nii.gz;1;0
Dataset002_DFGFinetuned_3d_fullres_full_new_hc/hc0050.nii.gz;1;0
Dataset002_DFGFinetuned_3d_fullres_full_new_hc/hc0011.nii.gz;1;0
Dataset002_DFGFinetuned_3d_fullres_full_new_hc/hc0048.nii.gz;1;0
Dataset002_DFGFinetuned_3d_fullres_full_new_hc/hc0002.nii.gz;1;0
Dataset002_DFGFinetuned_3d_fullres_full_new_hc/hc0039.nii.gz;1;0
Dataset002_DFGFinetuned_3d_fullres_full_new_hc/hc0017.nii.gz;1;0
Dataset002_DFGFinetuned_3d_fullres_full_new_hc/hc0047.nii.gz;1;0
Dataset002_DFGFinetuned_3d_fullres_full_new_hc/hc0032.nii.gz;1;0
Dataset002_DFGFinetuned_3d_fullres_full_new_hc/hc0010.nii.gz;1;0
Dataset002_DFGFinetuned_3d_fullres_full_new_hc/hc0030.nii.gz;1;0
Dataset002_DFGFinetuned_3d_fullres_full_new_hc/hc0027.nii.gz;1;0
Dataset002_DFGFinetuned_3d_fullres_full_new_hc/hc0025.nii.gz;1;0
Dataset002_DFGFinetuned_3d_fullres_full_new_hc/hc0014.nii.gz;1;0
Dataset002_DFGFinetuned_3d_fullres_full_new_hc/hc0055.nii.gz;1;0
Dataset002_DFGFinetuned_3d_fullres_full_new_hc/hc0005.nii.gz;1;0
Dataset002_DFGFinetuned_3d_fullres_full_new_hc/hc0001.nii.gz;1;0
Dataset002_DFGFinetuned_3d_fullres_full_ms/Subject586.nii.gz;0;2
Dataset002_DFGFinetuned_3d_fullres_full_ms/Subject320.nii.gz;0;2
Dataset002_DFGFinetuned_3d_fullres_full_ms/Subject105.nii.gz;0;2
Dataset002_DFGFinetuned_3d_fullres_full_ms/Subject341.nii.gz;0;2
Dataset002_DFGFinetuned_3d_fullres_full_ms/Subject061.nii.gz;0;2
Dataset002_DFGFinetuned_3d_fullres_full_ms/Subject399.nii.gz;0;2
Dataset002_DFGFinetuned_3d_fullres_full_ms/Subject450.nii.gz;0;3
Dataset002_DFGFinetuned_3d_fullres_full_ms/Subject321.nii.gz;0;3
Dataset002_DFGFinetuned_3d_fullres_full_ms/Subject508.nii.gz;0;3
Dataset002_DFGFinetuned_3d_fullres_full_ms/Subject245.nii.gz;0;3
Dataset002_DFGFinetuned_3d_fullres_full_ms/Subject171.nii.gz;0;3
Dataset002_DFGFinetuned_3d_fullres_full_ms/Subject427.nii.gz;0;3
Dataset002_DFGFinetuned_3d_fullres_full_ms/Subject046.nii.gz;0;3
Dataset002_DFGFinetuned_3d_fullres_full_ms/Subject544.nii.gz;0;3
Dataset002_DFGFinetuned_3d_fullres_full_ms/Subject128.nii.gz;0;3
Dataset002_DFGFinetuned_3d_fullres_full_ms/Subject188.nii.gz;0;3
Dataset002_DFGFinetuned_3d_fullres_full_ms/Subject611.nii.gz;0;3
Dataset002_DFGFinetuned_3d_fullres_full_ms/Subject561.nii.gz;0;3
Dataset002_DFGFinetuned_3d_fullres_full_ms/Subject191.nii.gz;0;3
Dataset002_DFGFinetuned_3d_fullres_full_ms/Subject344.nii.gz;0;3
Dataset002_DFGFinetuned_3d_fullres_full_ms/Subject523.nii.gz;0;3
Dataset002_DFGFinetuned_3d_fullres_full_ms/Subject335.nii.gz;0;3
Dataset002_DFGFinetuned_3d_fullres_full_ms/Subject543.nii.gz;0;3
Dataset002_DFGFinetuned_3d_fullres_full_ms/Subject300.nii.gz;0;3
Dataset002_DFGFinetuned_3d_fullres_full_ms/Subject104.nii.gz;0;3
Dataset002_DFGFinetuned_3d_fullres_full_ms/Subject447.nii.gz;0;3
Dataset002_DFGFinetuned_3d_fullres_full_ms/Subject023.nii.gz;0;3
Dataset002_DFGFinetuned_3d_fullres_full_ms/Subject385.nii.gz;0;3
Dataset002_DFGFinetuned_3d_fullres_full_ms/Subject038.nii.gz;0;3
Dataset002_DFGFinetuned_3d_fullres_full_ms/Subject219.nii.gz;0;3
Dataset002_DFGFinetuned_3d_fullres_full_ms/Subject126.nii.gz;0;3
Dataset002_DFGFinetuned_3d_fullres_full_ms/Subject054.nii.gz;0;3
Dataset002_DFGFinetuned_3d_fullres_full_ms/Subject031.nii.gz;0;3
Dataset002_DFGFinetuned_3d_fullres_full_ms/Subject175.nii.gz;0;3
Dataset002_DFGFinetuned_3d_fullres_full_ms/Subject597.nii.gz;0;3
Dataset002_DFGFinetuned_3d_fullres_full_ms/Subject567.nii.gz;0;3
Dataset002_DFGFinetuned_3d_fullres_full_ms/Subject465.nii.gz;0;3
Dataset002_DFGFinetuned_3d_fullres_full_ms/Subject609.nii.gz;0;3
Dataset002_DFGFinetuned_3d_fullres_full_ms/Subject357.nii.gz;0;3
Dataset002_DFGFinetuned_3d_fullres_full_ms/Subject624.nii.gz;0;3
Dataset002_DFGFinetuned_3d_fullres_full_ms/Subject411.nii.gz;0;3
Dataset002_DFGFinetuned_3d_fullres_full_ms/Subject577.nii.gz;0;3
Dataset002_DFGFinetuned_3d_fullres_full_ms/Subject562.nii.gz;0;3
Dataset002_DFGFinetuned_3d_fullres_full_ms/Subject352.nii.gz;0;3
Dataset002_DFGFinetuned_3d_fullres_full_ms/Subject133.nii.gz;0;3
Dataset002_DFGFinetuned_3d_fullres_full_ms/Subject131.nii.gz;0;3
Dataset002_DFGFinetuned_3d_fullres_full_ms/Subject550.nii.gz;0;3
Dataset002_DFGFinetuned_3d_fullres_full_ms/Subject536.nii.gz;0;3
Dataset002_DFGFinetuned_3d_fullres_full_ms/Subject345.nii.gz;0;3
Dataset002_DFGFinetuned_3d_fullres_full_ms/Subject111.nii.gz;0;3
Dataset002_DFGFinetuned_3d_fullres_full_ms/Subject162.nii.gz;0;3
Dataset002_DFGFinetuned_3d_fullres_full_ms/Subject652.nii.gz;0;3
Dataset002_DFGFinetuned_3d_fullres_full_ms/Subject040.nii.gz;0;3
Dataset002_DFGFinetuned_3d_fullres_full_ms/Subject356.nii.gz;0;3
Dataset002_DFGFinetuned_3d_fullres_full_ms/Subject025.nii.gz;0;3
Dataset002_DFGFinetuned_3d_fullres_full_ms/Subject647.nii.gz;0;3
Dataset002_DFGFinetuned_3d_fullres_full_ms/Subject462.nii.gz;0;3
Dataset002_DFGFinetuned_3d_fullres_full_ms/Subject119.nii.gz;0;3
Dataset002_DFGFinetuned_3d_fullres_full_ms/Subject182.nii.gz;0;3
Dataset002_DFGFinetuned_3d_fullres_full_ms/Subject599.nii.gz;0;3
Dataset002_DFGFinetuned_3d_fullres_full_ms/Subject532.nii.gz;0;3
Dataset002_DFGFinetuned_3d_fullres_full_ms/Subject234.nii.gz;0;3
Dataset002_DFGFinetuned_3d_fullres_full_ms/Subject018.nii.gz;0;3
Dataset002_DFGFinetuned_3d_fullres_full_ms/Subject413.nii.gz;0;3
Dataset002_DFGFinetuned_3d_fullres_full_ms/Subject256.nii.gz;0;3
Dataset002_DFGFinetuned_3d_fullres_full_ms/Subject121.nii.gz;0;3
Dataset002_DFGFinetuned_3d_fullres_full_ms/Subject066.nii.gz;0;3
Dataset002_DFGFinetuned_3d_fullres_full_ms/Subject455.nii.gz;0;3
Dataset002_DFGFinetuned_3d_fullres_full_ms/Subject065.nii.gz;0;3
Dataset002_DFGFinetuned_3d_fullres_full_ms/Subject045.nii.gz;0;3
Dataset002_DFGFinetuned_3d_fullres_full_ms/Subject584.nii.gz;0;3
Dataset002_DFGFinetuned_3d_fullres_full_ms/Subject230.nii.gz;0;3
Dataset002_DFGFinetuned_3d_fullres_full_ms/Subject086.nii.gz;0;3
Dataset002_DFGFinetuned_3d_fullres_full_ms/Subject172.nii.gz;0;3
Dataset002_DFGFinetuned_3d_fullres_full_ms/Subject430.nii.gz;0;3
Dataset002_DFGFinetuned_3d_fullres_full_ms/Subject530.nii.gz;0;3
Dataset002_DFGFinetuned_3d_fullres_full_ms/Subject421.nii.gz;0;3
Dataset002_DFGFinetuned_3d_fullres_full_ms/Subject144.nii.gz;0;3
Dataset002_DFGFinetuned_3d_fullres_full_ms/Subject606.nii.gz;0;3
Dataset002_DFGFinetuned_3d_fullres_full_ms/Subject527.nii.gz;0;3
Dataset002_DFGFinetuned_3d_fullres_full_ms/Subject200.nii.gz;0;3
Dataset002_DFGFinetuned_3d_fullres_full_ms/Subject338.nii.gz;0;3
Dataset002_DFGFinetuned_3d_fullres_full_ms/Subject238.nii.gz;0;3
Dataset002_DFGFinetuned_3d_fullres_full_ms/Subject143.nii.gz;0;3
Dataset002_DFGFinetuned_3d_fullres_full_ms/Subject645.nii.gz;0;3
Dataset002_DFGFinetuned_3d_fullres_full_ms/Subject630.nii.gz;0;3
Dataset002_DFGFinetuned_3d_fullres_full_ms/Subject253.nii.gz;0;3
Dataset002_DFGFinetuned_3d_fullres_full_ms/Subject319.nii.gz;0;3
Dataset002_DFGFinetuned_3d_fullres_full_ms/Subject060.nii.gz;0;3
Dataset002_DFGFinetuned_3d_fullres_full_ms/Subject533.nii.gz;0;3
Dataset002_DFGFinetuned_3d_fullres_full_ms/Subject044.nii.gz;0;3
Dataset002_DFGFinetuned_3d_fullres_full_ms/Subject087.nii.gz;0;3
Dataset002_DFGFinetuned_3d_fullres_full_ms/Subject367.nii.gz;0;3
Dataset002_DFGFinetuned_3d_fullres_full_ms/Subject556.nii.gz;0;3
Dataset002_DFGFinetuned_3d_fullres_full_ms/Subject585.nii.gz;0;3
Dataset002_DFGFinetuned_3d_fullres_full_ms/Subject254.nii.gz;0;3
Dataset002_DFGFinetuned_3d_fullres_full_ms/Subject055.nii.gz;0;3
Dataset002_DFGFinetuned_3d_fullres_full_ms/Subject348.nii.gz;0;3
Dataset002_DFGFinetuned_3d_fullres_full_ms/Subject593.nii.gz;0;3
Dataset002_DFGFinetuned_3d_fullres_full_ms/Subject071.nii.gz;0;3
Dataset002_DFGFinetuned_3d_fullres_full_ms/Subject251.nii.gz;0;3
Dataset002_DFGFinetuned_3d_fullres_full_ms/Subject379.nii.gz;0;3
Dataset002_DFGFinetuned_3d_fullres_full_ms/Subject549.nii.gz;0;3
Dataset002_DFGFinetuned_3d_fullres_full_ms/Subject573.nii.gz;0;3
Dataset002_DFGFinetuned_3d_fullres_full_ms/Subject365.nii.gz;0;3
Dataset002_DFGFinetuned_3d_fullres_full_ms/Subject612.nii.gz;0;3
Dataset002_DFGFinetuned_3d_fullres_full_ms/Subject629.nii.gz;0;3
Dataset002_DFGFinetuned_3d_fullres_full_ms/Subject506.nii.gz;0;3
Dataset002_DFGFinetuned_3d_fullres_full_ms/Subject524.nii.gz;0;3
Dataset002_DFGFinetuned_3d_fullres_full_ms/Subject317.nii.gz;0;3
Dataset002_DFGFinetuned_3d_fullres_full_ms/Subject067.nii.gz;0;3
Dataset002_DFGFinetuned_3d_fullres_full_ms/Subject190.nii.gz;0;3
Dataset002_DFGFinetuned_3d_fullres_full_ms/Subject147.nii.gz;0;3
Dataset002_DFGFinetuned_3d_fullres_full_ms/Subject196.nii.gz;0;3
Dataset002_DFGFinetuned_3d_fullres_full_ms/Subject347.nii.gz;0;3
Dataset002_DFGFinetuned_3d_fullres_full_ms/Subject407.nii.gz;0;3
Dataset002_DFGFinetuned_3d_fullres_full_ms/Subject328.nii.gz;0;3
Dataset002_DFGFinetuned_3d_fullres_full_ms/Subject240.nii.gz;0;3
Dataset002_DFGFinetuned_3d_fullres_full_ms/Subject638.nii.gz;0;3
Dataset002_DFGFinetuned_3d_fullres_full_ms/Subject085.nii.gz;0;3
Dataset002_DFGFinetuned_3d_fullres_full_ms/Subject332.nii.gz;0;3
Dataset002_DFGFinetuned_3d_fullres_full_ms/Subject004.nii.gz;0;3
Dataset002_DFGFinetuned_3d_fullres_full_ms/Subject644.nii.gz;0;3
Dataset002_DFGFinetuned_3d_fullres_full_ms/Subject209.nii.gz;0;3
Dataset002_DFGFinetuned_3d_fullres_full_ms/Subject503.nii.gz;0;3
Dataset002_DFGFinetuned_3d_fullres_full_ms/Subject372.nii.gz;0;3
Dataset002_DFGFinetuned_3d_fullres_full_ms/Subject452.nii.gz;0;3
Dataset002_DFGFinetuned_3d_fullres_full_ms/Subject110.nii.gz;0;3
Dataset002_DFGFinetuned_3d_fullres_full_ms/Subject397.nii.gz;0;3
Dataset002_DFGFinetuned_3d_fullres_full_ms/Subject041.nii.gz;0;3
Dataset002_DFGFinetuned_3d_fullres_full_ms/Subject387.nii.gz;0;3
Dataset002_DFGFinetuned_3d_fullres_full_ms/Subject154.nii.gz;0;3
Dataset002_DFGFinetuned_3d_fullres_full_ms/Subject412.nii.gz;0;3
Dataset002_DFGFinetuned_3d_fullres_full_ms/Subject112.nii.gz;0;3
Dataset002_DFGFinetuned_3d_fullres_full_ms/Subject141.nii.gz;0;3
Dataset002_DFGFinetuned_3d_fullres_full_ms/Subject339.nii.gz;0;3
Dataset002_DFGFinetuned_3d_fullres_full_ms/Subject580.nii.gz;0;3
Dataset002_DFGFinetuned_3d_fullres_full_ms/Subject636.nii.gz;0;3
Dataset002_DFGFinetuned_3d_fullres_full_ms/Subject301.nii.gz;0;3
Dataset002_DFGFinetuned_3d_fullres_full_ms/Subject375.nii.gz;0;3
Dataset002_DFGFinetuned_3d_fullres_full_ms/Subject164.nii.gz;0;3
Dataset002_DFGFinetuned_3d_fullres_full_ms/Subject521.nii.gz;0;3
Dataset002_DFGFinetuned_3d_fullres_full_ms/Subject227.nii.gz;0;3
Dataset002_DFGFinetuned_3d_fullres_full_ms/Subject529.nii.gz;0;3
Dataset002_DFGFinetuned_3d_fullres_full_ms/Subject623.nii.gz;0;3
Dataset002_DFGFinetuned_3d_fullres_full_ms/Subject203.nii.gz;0;3
Dataset002_DFGFinetuned_3d_fullres_full_ms/Subject039.nii.gz;0;3
Dataset002_DFGFinetuned_3d_fullres_full_ms/Subject146.nii.gz;0;3
Dataset002_DFGFinetuned_3d_fullres_full_ms/Subject202.nii.gz;0;3
Dataset002_DFGFinetuned_3d_fullres_full_ms/Subject633.nii.gz;0;3
Dataset002_DFGFinetuned_3d_fullres_full_ms/Subject454.nii.gz;0;3
Dataset002_DFGFinetuned_3d_fullres_full_ms/Subject310.nii.gz;0;3
Dataset002_DFGFinetuned_3d_fullres_full_ms/Subject015.nii.gz;0;3
Dataset002_DFGFinetuned_3d_fullres_full_ms/Subject180.nii.gz;0;3
Dataset002_DFGFinetuned_3d_fullres_full_ms/Subject594.nii.gz;0;3
Dataset002_DFGFinetuned_3d_fullres_full_ms/Subject122.nii.gz;0;3
Dataset002_DFGFinetuned_3d_fullres_full_ms/Subject135.nii.gz;0;3
Dataset002_DFGFinetuned_3d_fullres_full_ms/Subject336.nii.gz;0;3
Dataset002_DFGFinetuned_3d_fullres_full_ms/Subject463.nii.gz;0;3
Dataset002_DFGFinetuned_3d_fullres_full_ms/Subject359.nii.gz;0;3
Dataset002_DFGFinetuned_3d_fullres_full_ms/Subject622.nii.gz;0;3
Dataset002_DFGFinetuned_3d_fullres_full_ms/Subject076.nii.gz;0;3
Dataset002_DFGFinetuned_3d_fullres_full_ms/Subject439.nii.gz;0;3
Dataset002_DFGFinetuned_3d_fullres_full_ms/Subject032.nii.gz;0;3
Dataset002_DFGFinetuned_3d_fullres_full_ms/Subject199.nii.gz;0;3
Dataset002_DFGFinetuned_3d_fullres_full_ms/Subject461.nii.gz;0;3
Dataset002_DFGFinetuned_3d_fullres_full_ms/Subject007.nii.gz;0;3
Dataset002_DFGFinetuned_3d_fullres_full_ms/Subject646.nii.gz;0;3
Dataset002_DFGFinetuned_3d_fullres_full_ms/Subject239.nii.gz;0;3
Dataset002_DFGFinetuned_3d_fullres_full_ms/Subject052.nii.gz;0;3
Dataset002_DFGFinetuned_3d_fullres_full_ms/Subject062.nii.gz;0;3
Dataset002_DFGFinetuned_3d_fullres_full_ms/Subject148.nii.gz;0;3
Dataset002_DFGFinetuned_3d_fullres_full_ms/Subject619.nii.gz;0;3
Dataset002_DFGFinetuned_3d_fullres_full_ms/Subject445.nii.gz;0;3
Dataset002_DFGFinetuned_3d_fullres_full_ms/Subject043.nii.gz;0;3
Dataset002_DFGFinetuned_3d_fullres_full_ms/Subject608.nii.gz;0;3
Dataset002_DFGFinetuned_3d_fullres_full_ms/Subject563.nii.gz;0;3
Dataset002_DFGFinetuned_3d_fullres_full_ms/Subject602.nii.gz;0;3
Dataset002_DFGFinetuned_3d_fullres_full_ms/Subject158.nii.gz;0;3
Dataset002_DFGFinetuned_3d_fullres_full_ms/Subject103.nii.gz;0;3
Dataset002_DFGFinetuned_3d_fullres_full_ms/Subject005.nii.gz;0;3
Dataset002_DFGFinetuned_3d_fullres_full_ms/Subject030.nii.gz;0;3
Dataset002_DFGFinetuned_3d_fullres_full_ms/Subject192.nii.gz;0;3
Dataset002_DFGFinetuned_3d_fullres_full_ms/Subject428.nii.gz;0;3
Dataset002_DFGFinetuned_3d_fullres_full_ms/Subject167.nii.gz;0;3
Dataset002_DFGFinetuned_3d_fullres_full_ms/Subject029.nii.gz;0;3
Dataset002_DFGFinetuned_3d_fullres_full_ms/Subject453.nii.gz;0;3
Dataset002_DFGFinetuned_3d_fullres_full_ms/Subject116.nii.gz;0;3
Dataset002_DFGFinetuned_3d_fullres_full_ms/Subject079.nii.gz;0;3
Dataset002_DFGFinetuned_3d_fullres_full_ms/Subject036.nii.gz;0;3
Dataset002_DFGFinetuned_3d_fullres_full_ms/Subject337.nii.gz;0;3
Dataset002_DFGFinetuned_3d_fullres_full_ms/Subject095.nii.gz;0;3
Dataset002_DFGFinetuned_3d_fullres_full_ms/Subject528.nii.gz;0;3
Dataset002_DFGFinetuned_3d_fullres_full_ms/Subject626.nii.gz;0;3
Dataset002_DFGFinetuned_3d_fullres_full_ms/Subject578.nii.gz;0;3
Dataset002_DFGFinetuned_3d_fullres_full_ms/Subject236.nii.gz;0;3
Dataset002_DFGFinetuned_3d_fullres_full_ms/Subject500.nii.gz;0;3
Dataset002_DFGFinetuned_3d_fullres_full_ms/Subject124.nii.gz;0;3
Dataset002_DFGFinetuned_3d_fullres_full_ms/Subject446.nii.gz;0;3
Dataset002_DFGFinetuned_3d_fullres_full_ms/Subject554.nii.gz;0;3
Dataset002_DFGFinetuned_3d_fullres_full_ms/Subject246.nii.gz;0;3
Dataset002_DFGFinetuned_3d_fullres_full_ms/Subject406.nii.gz;0;3
Dataset002_DFGFinetuned_3d_fullres_full_ms/Subject525.nii.gz;0;3
Dataset002_DFGFinetuned_3d_fullres_full_ms/Subject546.nii.gz;0;3
Dataset002_DFGFinetuned_3d_fullres_full_ms/Subject531.nii.gz;0;3
Dataset002_DFGFinetuned_3d_fullres_full_ms/Subject084.nii.gz;0;3
Dataset002_DFGFinetuned_3d_fullres_full_ms/Subject215.nii.gz;0;3
Dataset002_DFGFinetuned_3d_fullres_full_ms/Subject303.nii.gz;0;3
Dataset002_DFGFinetuned_3d_fullres_full_ms/Subject456.nii.gz;0;3
Dataset002_DFGFinetuned_3d_fullres_full_ms/Subject641.nii.gz;0;3
Dataset002_DFGFinetuned_3d_fullres_full_ms/Subject431.nii.gz;0;3
Dataset002_DFGFinetuned_3d_fullres_full_ms/Subject327.nii.gz;0;3
Dataset002_DFGFinetuned_3d_fullres_full_ms/Subject212.nii.gz;0;3
Dataset002_DFGFinetuned_3d_fullres_full_ms/Subject437.nii.gz;0;3
Dataset002_DFGFinetuned_3d_fullres_full_ms/Subject582.nii.gz;0;3
Dataset002_DFGFinetuned_3d_fullres_full_ms/Subject183.nii.gz;0;3
Dataset002_DFGFinetuned_3d_fullres_full_ms/Subject537.nii.gz;0;3
Dataset002_DFGFinetuned_3d_fullres_full_ms/Subject176.nii.gz;0;3
Dataset002_DFGFinetuned_3d_fullres_full_ms/Subject509.nii.gz;0;3
Dataset002_DFGFinetuned_3d_fullres_full_ms/Subject349.nii.gz;0;3
Dataset002_DFGFinetuned_3d_fullres_full_ms/Subject069.nii.gz;0;3
Dataset002_DFGFinetuned_3d_fullres_full_ms/Subject377.nii.gz;0;3
Dataset002_DFGFinetuned_3d_fullres_full_ms/Subject213.nii.gz;0;3
Dataset002_DFGFinetuned_3d_fullres_full_ms/Subject001.nii.gz;0;3
Dataset002_DFGFinetuned_3d_fullres_full_ms/Subject178.nii.gz;0;3
Dataset002_DFGFinetuned_3d_fullres_full_ms/Subject614.nii.gz;0;3
Dataset002_DFGFinetuned_3d_fullres_full_ms/Subject179.nii.gz;0;3
Dataset002_DFGFinetuned_3d_fullres_full_ms/Subject648.nii.gz;0;3
Dataset002_DFGFinetuned_3d_fullres_full_ms/Subject596.nii.gz;0;3
Dataset002_DFGFinetuned_3d_fullres_full_ms/Subject361.nii.gz;0;3
Dataset002_DFGFinetuned_3d_fullres_full_ms/Subject137.nii.gz;0;3
Dataset002_DFGFinetuned_3d_fullres_full_ms/Subject094.nii.gz;0;3
Dataset002_DFGFinetuned_3d_fullres_full_ms/Subject092.nii.gz;0;3
Dataset002_DFGFinetuned_3d_fullres_full_ms/Subject166.nii.gz;0;3
Dataset002_DFGFinetuned_3d_fullres_full_ms/Subject650.nii.gz;0;3
Dataset002_DFGFinetuned_3d_fullres_full_ms/Subject313.nii.gz;0;3
Dataset002_DFGFinetuned_3d_fullres_full_ms/Subject441.nii.gz;0;3
Dataset002_DFGFinetuned_3d_fullres_full_ms/Subject048.nii.gz;0;3
Dataset002_DFGFinetuned_3d_fullres_full_ms/Subject405.nii.gz;0;3
Dataset002_DFGFinetuned_3d_fullres_full_ms/Subject511.nii.gz;0;3
Dataset002_DFGFinetuned_3d_fullres_full_ms/Subject326.nii.gz;0;3
Dataset002_DFGFinetuned_3d_fullres_full_ms/Subject315.nii.gz;0;3
Dataset002_DFGFinetuned_3d_fullres_full_ms/Subject149.nii.gz;0;3
Dataset002_DFGFinetuned_3d_fullres_full_ms/Subject526.nii.gz;0;3
Dataset002_DFGFinetuned_3d_fullres_full_ms/Subject380.nii.gz;0;3
Dataset002_DFGFinetuned_3d_fullres_full_ms/Subject186.nii.gz;0;3
Dataset002_DFGFinetuned_3d_fullres_full_ms/Subject435.nii.gz;0;3
Dataset002_DFGFinetuned_3d_fullres_full_ms/Subject248.nii.gz;0;3
Dataset002_DFGFinetuned_3d_fullres_full_ms/Subject643.nii.gz;0;3
Dataset002_DFGFinetuned_3d_fullres_full_ms/Subject651.nii.gz;0;3
Dataset002_DFGFinetuned_3d_fullres_full_ms/Subject424.nii.gz;0;3
Dataset002_DFGFinetuned_3d_fullres_full_ms/Subject022.nii.gz;0;3
Dataset002_DFGFinetuned_3d_fullres_full_ms/Subject136.nii.gz;0;3
Dataset002_DFGFinetuned_3d_fullres_full_ms/Subject433.nii.gz;0;3
Dataset002_DFGFinetuned_3d_fullres_full_ms/Subject165.nii.gz;0;3
Dataset002_DFGFinetuned_3d_fullres_full_ms/Subject364.nii.gz;0;3
Dataset002_DFGFinetuned_3d_fullres_full_ms/Subject233.nii.gz;0;3
Dataset002_DFGFinetuned_3d_fullres_full_ms/Subject312.nii.gz;0;3
Dataset002_DFGFinetuned_3d_fullres_full_ms/Subject589.nii.gz;0;3
Dataset002_DFGFinetuned_3d_fullres_full_ms/Subject613.nii.gz;0;3
Dataset002_DFGFinetuned_3d_fullres_full_ms/Subject314.nii.gz;0;3
Dataset002_DFGFinetuned_3d_fullres_full_ms/Subject590.nii.gz;0;3
Dataset002_DFGFinetuned_3d_fullres_full_ms/Subject174.nii.gz;0;3
Dataset002_DFGFinetuned_3d_fullres_full_ms/Subject163.nii.gz;0;3
Dataset002_DFGFinetuned_3d_fullres_full_ms/Subject228.nii.gz;0;3
Dataset002_DFGFinetuned_3d_fullres_full_ms/Subject114.nii.gz;0;3
Dataset002_DFGFinetuned_3d_fullres_full_ms/Subject572.nii.gz;0;3
Dataset002_DFGFinetuned_3d_fullres_full_ms/Subject601.nii.gz;0;3
Dataset002_DFGFinetuned_3d_fullres_full_ms/Subject082.nii.gz;0;3
Dataset002_DFGFinetuned_3d_fullres_full_ms/Subject193.nii.gz;0;3
Dataset002_DFGFinetuned_3d_fullres_full_ms/Subject598.nii.gz;0;3
Dataset002_DFGFinetuned_3d_fullres_full_ms/Subject074.nii.gz;0;3
Dataset002_DFGFinetuned_3d_fullres_full_ms/Subject108.nii.gz;0;3
Dataset002_DFGFinetuned_3d_fullres_full_ms/Subject592.nii.gz;0;3
Dataset002_DFGFinetuned_3d_fullres_full_ms/Subject244.nii.gz;0;3
Dataset002_DFGFinetuned_3d_fullres_full_ms/Subject057.nii.gz;0;3
Dataset002_DFGFinetuned_3d_fullres_full_ms/Subject396.nii.gz;0;3
Dataset002_DFGFinetuned_3d_fullres_full_ms/Subject351.nii.gz;0;3
Dataset002_DFGFinetuned_3d_fullres_full_ms/Subject329.nii.gz;0;3
Dataset002_DFGFinetuned_3d_fullres_full_ms/Subject541.nii.gz;0;3
Dataset002_DFGFinetuned_3d_fullres_full_ms/Subject432.nii.gz;0;3
Dataset002_DFGFinetuned_3d_fullres_full_ms/Subject063.nii.gz;0;3
Dataset002_DFGFinetuned_3d_fullres_full_ms/Subject064.nii.gz;0;3
Dataset002_DFGFinetuned_3d_fullres_full_ms/Subject243.nii.gz;0;3
Dataset002_DFGFinetuned_3d_fullres_full_ms/Subject400.nii.gz;0;3
Dataset002_DFGFinetuned_3d_fullres_full_ms/Subject621.nii.gz;0;3
Dataset002_DFGFinetuned_3d_fullres_full_ms/Subject610.nii.gz;0;3
Dataset002_DFGFinetuned_3d_fullres_full_ms/Subject322.nii.gz;0;3
Dataset002_DFGFinetuned_3d_fullres_full_ms/Subject618.nii.gz;0;3
Dataset002_DFGFinetuned_3d_fullres_full_ms/Subject376.nii.gz;0;3
Dataset002_DFGFinetuned_3d_fullres_full_ms/Subject184.nii.gz;0;3
Dataset002_DFGFinetuned_3d_fullres_full_ms/Subject426.nii.gz;0;3
Dataset002_DFGFinetuned_3d_fullres_full_ms/Subject540.nii.gz;0;3
Dataset002_DFGFinetuned_3d_fullres_full_ms/Subject218.nii.gz;0;3
Dataset002_DFGFinetuned_3d_fullres_full_ms/Subject587.nii.gz;0;3
Dataset002_DFGFinetuned_3d_fullres_full_ms/Subject142.nii.gz;0;3
Dataset002_DFGFinetuned_3d_fullres_full_ms/Subject053.nii.gz;0;3
Dataset002_DFGFinetuned_3d_fullres_full_ms/Subject353.nii.gz;0;3
Dataset002_DFGFinetuned_3d_fullres_full_ms/Subject634.nii.gz;0;3
Dataset002_DFGFinetuned_3d_fullres_full_ms/Subject368.nii.gz;0;3
Dataset002_DFGFinetuned_3d_fullres_full_ms/Subject637.nii.gz;0;3
Dataset002_DFGFinetuned_3d_fullres_full_ms/Subject075.nii.gz;0;3
Dataset002_DFGFinetuned_3d_fullres_full_ms/Subject417.nii.gz;0;3
Dataset002_DFGFinetuned_3d_fullres_full_ms/Subject170.nii.gz;0;3
Dataset002_DFGFinetuned_3d_fullres_full_ms/Subject138.nii.gz;0;3
Dataset002_DFGFinetuned_3d_fullres_full_ms/Subject168.nii.gz;0;3
Dataset002_DFGFinetuned_3d_fullres_full_ms/Subject625.nii.gz;0;3
Dataset002_DFGFinetuned_3d_fullres_full_ms/Subject539.nii.gz;0;3
Dataset002_DFGFinetuned_3d_fullres_full_ms/Subject605.nii.gz;0;3
Dataset002_DFGFinetuned_3d_fullres_full_ms/Subject449.nii.gz;0;3
Dataset002_DFGFinetuned_3d_fullres_full_ms/Subject026.nii.gz;0;3
Dataset002_DFGFinetuned_3d_fullres_full_ms/Subject423.nii.gz;0;3
Dataset002_DFGFinetuned_3d_fullres_full_ms/Subject555.nii.gz;0;3
Dataset002_DFGFinetuned_3d_fullres_full_ms/Subject416.nii.gz;0;3
Dataset002_DFGFinetuned_3d_fullres_full_ms/Subject223.nii.gz;0;3
Dataset002_DFGFinetuned_3d_fullres_full_ms/Subject091.nii.gz;0;3
Dataset002_DFGFinetuned_3d_fullres_full_ms/Subject366.nii.gz;0;3
Dataset002_DFGFinetuned_3d_fullres_full_ms/Subject324.nii.gz;0;4
Dataset002_DFGFinetuned_3d_fullres_full_ms/Subject460.nii.gz;0;4
Dataset002_DFGFinetuned_3d_fullres_full_ms/Subject099.nii.gz;0;4
Dataset002_DFGFinetuned_3d_fullres_full_ms/Subject458.nii.gz;0;4
Dataset002_DFGFinetuned_3d_fullres_full_ms/Subject080.nii.gz;0;4
Dataset002_DFGFinetuned_3d_fullres_full_ms/Subject429.nii.gz;0;4
Dataset002_DFGFinetuned_3d_fullres_full_ms/Subject051.nii.gz;0;4
Dataset002_DFGFinetuned_3d_fullres_full_ms/Subject420.nii.gz;0;4
Dataset002_DFGFinetuned_3d_fullres_full_ms/Subject457.nii.gz;0;4
Dataset002_DFGFinetuned_3d_fullres_full_ms/Subject093.nii.gz;0;4
Dataset002_DFGFinetuned_3d_fullres_full_ms/Subject021.nii.gz;0;4
Dataset002_DFGFinetuned_3d_fullres_full_ms/Subject169.nii.gz;0;4
Dataset002_DFGFinetuned_3d_fullres_full_ms/Subject542.nii.gz;0;4
